{"Fid":"f2bFUoiFR8CeFEyhp5gVGL","Status":3,"RefreshToken":"3_AS3qfwI_WtMzLeb3gNrgtCPwcHJVZJ1epP6IzIlNEMo5xV02Wd0NquamFhqpTdXCfedQ1uGMRopPNlmPHUDriEqfEP9I5iV06rPEI8cP_kwlVQ","AuthToken":"eyJhbGciOiJFUzI1NiIsInR5cCI6IkpXVCJ9.eyJhcHBJZCI6IjE6MzY3MjY5MDA4OTg2OmFuZHJvaWQ6NzliMWNhNTQ5NTQxMTEyNCIsImV4cCI6MTc2MDUyMjQzMywiZmlkIjoiZjJiRlVvaUZSOENlRkV5aHA1Z1ZHTCIsInByb2plY3ROdW1iZXIiOjM2NzI2OTAwODk4Nn0.AB2LPV8wRQIhAI9kTWwxDsCHPCUxEfdAL7y3Md-oj2UCsD_jmlqL8aB2AiBoED45bKx5ZHDNmCq-020KAYjK8w5IRV3YacFlaVahng","TokenCreationEpochInSecs":1759917631,"ExpiresInSecs":604800}