<?xml version='1.0' encoding='utf-8' standalone='yes' ?>
<map>
    <string name="67452a79d911f900635d6f35">{&quot;start_time&quot;:1732586100,&quot;delay&quot;:0,&quot;trigger_condition&quot;:[{&quot;data&quot;:{&quot;campaign_id&quot;:&quot;67452b900630520064874caa&quot;},&quot;type&quot;:&quot;push_click&quot;}],&quot;data&quot;:{&quot;trigger_id&quot;:&quot;Njc0NTJhNzlkOTExZjkwMDYzNWQ2ZjM1XyRfbXY9Njc0NTJiODZkYmJhZjkwMDYzYmMwYzMzJnBpPWNtcA==&quot;,&quot;prefetch_file_urls&quot;:[&quot;https://braze-images.com/appboy/communication/assets/image_assets/images/673ca9a1f446b4006469a8b0/original.jpg?1732028833&quot;,&quot;https://appboy-images.com/appboy/communication/assets/code_assets/files/5f2d589683566823fc373ec4/original.js?1596807318&quot;],&quot;prefetch_zip_urls&quot;:[],&quot;prefetch_image_urls&quot;:[]},&quot;re_eligibility&quot;:-1,&quot;min_seconds_since_last_trigger&quot;:-1,&quot;prefetch&quot;:true,&quot;end_time&quot;:-1,&quot;id&quot;:&quot;67452a79d911f900635d6f35&quot;,&quot;priority&quot;:2000956000,&quot;type&quot;:&quot;templated_iam&quot;,&quot;timeout&quot;:-1}</string>
    <string name="6744ee0d141c380064cdc4ac">{&quot;start_time&quot;:1732565100,&quot;delay&quot;:0,&quot;trigger_condition&quot;:[{&quot;data&quot;:{&quot;campaign_id&quot;:&quot;6744ed686c95e10063faf42a&quot;},&quot;type&quot;:&quot;push_click&quot;}],&quot;data&quot;:{&quot;trigger_id&quot;:&quot;Njc0NGVlMGQxNDFjMzgwMDY0Y2RjNGFjXyRfbXY9Njc0NGVlMGQxNDFjMzgwMDY0Y2RjNDk1JnBpPWNtcA==&quot;,&quot;prefetch_file_urls&quot;:[&quot;https://braze-images.com/appboy/communication/assets/image_assets/images/673ca9a1f446b4006469a8b0/original.jpg?1732028833&quot;,&quot;https://appboy-images.com/appboy/communication/assets/code_assets/files/5f2d589683566823fc373ec4/original.js?1596807318&quot;],&quot;prefetch_zip_urls&quot;:[],&quot;prefetch_image_urls&quot;:[]},&quot;re_eligibility&quot;:-1,&quot;min_seconds_since_last_trigger&quot;:-1,&quot;prefetch&quot;:true,&quot;end_time&quot;:-1,&quot;id&quot;:&quot;6744ee0d141c380064cdc4ac&quot;,&quot;priority&quot;:2000935000,&quot;type&quot;:&quot;templated_iam&quot;,&quot;timeout&quot;:-1}</string>
    <string name="66fcaad1f5b4d10063662f20">{&quot;start_time&quot;:1727834700,&quot;delay&quot;:0,&quot;trigger_condition&quot;:[{&quot;data&quot;:{&quot;campaign_id&quot;:&quot;66fca2075209440064ef701a&quot;},&quot;type&quot;:&quot;push_click&quot;}],&quot;data&quot;:{&quot;trigger_id&quot;:&quot;NjZmY2FhZDFmNWI0ZDEwMDYzNjYyZjIwXyRfbXY9NjZmY2FhZDFmNWI0ZDEwMDYzNjYyZjIyJnBpPWNtcA==&quot;,&quot;prefetch_file_urls&quot;:[&quot;https://braze-images.com/appboy/communication/assets/image_assets/images/66f2cb286f1f2c0063981480/original.png?1727187752&quot;,&quot;https://braze-images.com/appboy/communication/assets/image_assets/images/66f2cb2894f1470064c7593a/original.png?1727187752&quot;,&quot;https://braze-images.com/appboy/communication/assets/image_assets/images/66f2cb286a4613006369b13d/original.png?1727187752&quot;,&quot;https://braze-images.com/appboy/communication/assets/image_assets/images/66f2cb28a64ce00063321a33/original.png?1727187752&quot;,&quot;https://braze-images.com/appboy/communication/assets/image_assets/images/66f2cb29b7d5df0063b92824/original.png?1727187752&quot;,&quot;https://appboy-images.com/appboy/communication/assets/code_assets/files/5f2d589683566823fc373ec4/original.js?1596807318&quot;,&quot;https://braze-images.com/appboy/communication/assets/image_assets/images/66f2034cb4659b0066e3c3af/original.png?1727136588&quot;],&quot;prefetch_zip_urls&quot;:[],&quot;prefetch_image_urls&quot;:[]},&quot;re_eligibility&quot;:60,&quot;min_seconds_since_last_trigger&quot;:-1,&quot;prefetch&quot;:true,&quot;end_time&quot;:-1,&quot;id&quot;:&quot;66fcaad1f5b4d10063662f20&quot;,&quot;priority&quot;:2000726000,&quot;type&quot;:&quot;templated_iam&quot;,&quot;timeout&quot;:-1}</string>
    <string name="65e78733928615004bc1f7d1">{&quot;start_time&quot;:1709671800,&quot;delay&quot;:0,&quot;trigger_condition&quot;:[{&quot;data&quot;:{&quot;campaign_id&quot;:&quot;65e89927b1dc14004bb4f5a8&quot;},&quot;type&quot;:&quot;push_click&quot;}],&quot;data&quot;:{&quot;trigger_id&quot;:&quot;NjVlNzg3MzM5Mjg2MTUwMDRiYzFmN2QxXyRfbXY9NjVlNzg3MzM5Mjg2MTUwMDRiYzFmN2Q4JnBpPWNtcA==&quot;,&quot;prefetch_file_urls&quot;:[&quot;https://braze-images.com/appboy/communication/assets/font_assets/files/63ee4dd3d6ec073fd90b49aa/original.otf?1676561875&quot;,&quot;https://braze-images.com/appboy/communication/assets/font_assets/files/63ee4dd37d34955b8c81124d/original.otf?1676561875&quot;,&quot;https://braze-images.com/appboy/communication/assets/font_assets/files/63ee4dd3f0e6405eef7e2821/original.otf?1676561875&quot;,&quot;https://braze-images.com/appboy/communication/assets/image_assets/images/670dccc5001a6200635080ab/original.png?1728957636&quot;,&quot;https://appboy-images.com/appboy/communication/assets/code_assets/files/5f2d589683566823fc373ec4/original.js?1596807318&quot;],&quot;prefetch_zip_urls&quot;:[],&quot;prefetch_image_urls&quot;:[]},&quot;re_eligibility&quot;:60,&quot;min_seconds_since_last_trigger&quot;:-1,&quot;prefetch&quot;:true,&quot;end_time&quot;:-1,&quot;id&quot;:&quot;65e78733928615004bc1f7d1&quot;,&quot;priority&quot;:2000552000,&quot;type&quot;:&quot;templated_iam&quot;,&quot;timeout&quot;:-1}</string>
    <string name="6744ec2fac66ff00669587d5">{&quot;start_time&quot;:1732569900,&quot;delay&quot;:0,&quot;trigger_condition&quot;:[{&quot;data&quot;:{&quot;campaign_id&quot;:&quot;6744ea68ff76e8006347c16c&quot;},&quot;type&quot;:&quot;push_click&quot;}],&quot;data&quot;:{&quot;trigger_id&quot;:&quot;Njc0NGVjMmZhYzY2ZmYwMDY2OTU4N2Q1XyRfbXY9Njc0NGVjMmZhYzY2ZmYwMDY2OTU4N2Q3JnBpPWNtcA==&quot;,&quot;prefetch_file_urls&quot;:[&quot;https://braze-images.com/appboy/communication/assets/font_assets/files/64cbee2c488ff3775b87684e/original.ttf?1691086380&quot;,&quot;https://braze-images.com/appboy/communication/assets/font_assets/files/64cbee2cde793d772abe1d96/original.ttf?1691086380&quot;,&quot;https://braze-images.com/appboy/communication/assets/image_assets/images/6722cdf4969d1d0063bca041/original.png?1730334196&quot;],&quot;prefetch_zip_urls&quot;:[],&quot;prefetch_image_urls&quot;:[]},&quot;re_eligibility&quot;:-1,&quot;min_seconds_since_last_trigger&quot;:-1,&quot;prefetch&quot;:true,&quot;end_time&quot;:-1,&quot;id&quot;:&quot;6744ec2fac66ff00669587d5&quot;,&quot;priority&quot;:2000940000,&quot;type&quot;:&quot;templated_iam&quot;,&quot;timeout&quot;:-1}</string>
    <string name="66db245dc8a73e0063bd337a">{&quot;start_time&quot;:1725637500,&quot;delay&quot;:0,&quot;trigger_condition&quot;:[{&quot;data&quot;:{&quot;campaign_id&quot;:&quot;66e0c5142be1c100635b8f4a&quot;},&quot;type&quot;:&quot;push_click&quot;}],&quot;data&quot;:{&quot;trigger_id&quot;:&quot;NjZkYjI0NWRjOGE3M2UwMDYzYmQzMzdhXyRfbXY9NjZkYjI0NWRjOGE3M2UwMDYzYmQzMzdjJnBpPWNtcA==&quot;,&quot;prefetch_file_urls&quot;:[&quot;https://braze-images.com/appboy/communication/assets/font_assets/files/63ee4dd3d6ec073fd90b49aa/original.otf?1676561875&quot;,&quot;https://braze-images.com/appboy/communication/assets/font_assets/files/63ee4dd37d34955b8c81124d/original.otf?1676561875&quot;,&quot;https://braze-images.com/appboy/communication/assets/font_assets/files/63ee4dd3f0e6405eef7e2821/original.otf?1676561875&quot;,&quot;https://braze-images.com/appboy/communication/assets/image_assets/images/66db536143f7830063604816/original.png?1725649761&quot;,&quot;https://appboy-images.com/appboy/communication/assets/code_assets/files/5f2d589683566823fc373ec4/original.js?1596807318&quot;],&quot;prefetch_zip_urls&quot;:[],&quot;prefetch_image_urls&quot;:[]},&quot;re_eligibility&quot;:60,&quot;min_seconds_since_last_trigger&quot;:-1,&quot;prefetch&quot;:true,&quot;end_time&quot;:-1,&quot;id&quot;:&quot;66db245dc8a73e0063bd337a&quot;,&quot;priority&quot;:2000715000,&quot;type&quot;:&quot;templated_iam&quot;,&quot;timeout&quot;:-1}</string>
    <string name="66fd726507d2030063ec4881">{&quot;start_time&quot;:1727834700,&quot;delay&quot;:0,&quot;trigger_condition&quot;:[{&quot;data&quot;:{&quot;campaign_id&quot;:&quot;66fca8c57dc6b50063a46e72&quot;},&quot;type&quot;:&quot;push_click&quot;}],&quot;data&quot;:{&quot;trigger_id&quot;:&quot;NjZmZDcyNjUwN2QyMDMwMDYzZWM0ODgxXyRfbXY9NjZmZDcyNjUwN2QyMDMwMDYzZWM0ODZlJnBpPWNtcA==&quot;,&quot;prefetch_file_urls&quot;:[&quot;https://braze-images.com/appboy/communication/assets/image_assets/images/66f71df29baf770065abf2cd/original.png?1727471089&quot;,&quot;https://appboy-images.com/appboy/communication/assets/code_assets/files/5f2d589683566823fc373ec4/original.js?1596807318&quot;],&quot;prefetch_zip_urls&quot;:[],&quot;prefetch_image_urls&quot;:[]},&quot;re_eligibility&quot;:60,&quot;min_seconds_since_last_trigger&quot;:-1,&quot;prefetch&quot;:true,&quot;end_time&quot;:-1,&quot;id&quot;:&quot;66fd726507d2030063ec4881&quot;,&quot;priority&quot;:2000736000,&quot;type&quot;:&quot;templated_iam&quot;,&quot;timeout&quot;:-1}</string>
    <string name="65e899b351228d004bc7e2a5">{&quot;start_time&quot;:1709742300,&quot;delay&quot;:0,&quot;trigger_condition&quot;:[{&quot;data&quot;:{&quot;campaign_id&quot;:&quot;65e8a5d6b71620004ec07e60&quot;},&quot;type&quot;:&quot;push_click&quot;}],&quot;data&quot;:{&quot;trigger_id&quot;:&quot;NjVlODk5YjM1MTIyOGQwMDRiYzdlMmE1XyRfbXY9NjVlODk5YjM1MTIyOGQwMDRiYzdlMmFjJnBpPWNtcA==&quot;,&quot;prefetch_file_urls&quot;:[&quot;https://braze-images.com/appboy/communication/assets/font_assets/files/63ee4dd3d6ec073fd90b49aa/original.otf?1676561875&quot;,&quot;https://braze-images.com/appboy/communication/assets/font_assets/files/63ee4dd37d34955b8c81124d/original.otf?1676561875&quot;,&quot;https://braze-images.com/appboy/communication/assets/font_assets/files/63ee4dd3f0e6405eef7e2821/original.otf?1676561875&quot;,&quot;https://braze-images.com/appboy/communication/assets/image_assets/images/670eab42d643bd0065f0629f/original.png?1729014593&quot;,&quot;https://appboy-images.com/appboy/communication/assets/code_assets/files/5f2d589683566823fc373ec4/original.js?1596807318&quot;],&quot;prefetch_zip_urls&quot;:[],&quot;prefetch_image_urls&quot;:[]},&quot;re_eligibility&quot;:60,&quot;min_seconds_since_last_trigger&quot;:-1,&quot;prefetch&quot;:true,&quot;end_time&quot;:-1,&quot;id&quot;:&quot;65e899b351228d004bc7e2a5&quot;,&quot;priority&quot;:2000557000,&quot;type&quot;:&quot;templated_iam&quot;,&quot;timeout&quot;:-1}</string>
    <string name="67351679f84a46006487b4a0">{&quot;start_time&quot;:1731478800,&quot;delay&quot;:0,&quot;trigger_condition&quot;:[{&quot;data&quot;:{&quot;campaign_id&quot;:&quot;6734e8ab5a99a3006327f964&quot;},&quot;type&quot;:&quot;push_click&quot;}],&quot;data&quot;:{&quot;trigger_id&quot;:&quot;NjczNTE2NzlmODRhNDYwMDY0ODdiNGEwXyRfbXY9NjczNTE2NzlmODRhNDYwMDY0ODdiNDlkJnBpPWNtcA==&quot;,&quot;prefetch_file_urls&quot;:[&quot;https://braze-images.com/appboy/communication/assets/font_assets/files/66b944a556e9e30063fbb863/original.woff2?1723417765&quot;,&quot;https://braze-images.com/appboy/communication/assets/font_assets/files/66b944a06355830063e4b562/original.woff2?1723417760&quot;,&quot;https://braze-images.com/appboy/communication/assets/font_assets/files/64cbee2c1b69b837be76a266/original.ttf?1691086380&quot;,&quot;https://braze-images.com/appboy/communication/assets/font_assets/files/64cbee2c488ff3775b87684e/original.ttf?1691086380&quot;,&quot;https://braze-images.com/appboy/communication/assets/font_assets/files/64cbee2cccaa45223717796c/original.ttf?1691086380&quot;,&quot;https://braze-images.com/appboy/communication/assets/font_assets/files/64cbee2cde793d772abe1d96/original.ttf?1691086380&quot;,&quot;https://braze-images.com/appboy/communication/assets/image_assets/images/6722ace434093b0063076831/original.jpg?1730325732&quot;],&quot;prefetch_zip_urls&quot;:[],&quot;prefetch_image_urls&quot;:[]},&quot;re_eligibility&quot;:60,&quot;min_seconds_since_last_trigger&quot;:-1,&quot;prefetch&quot;:true,&quot;end_time&quot;:-1,&quot;id&quot;:&quot;67351679f84a46006487b4a0&quot;,&quot;priority&quot;:2000875000,&quot;type&quot;:&quot;templated_iam&quot;,&quot;timeout&quot;:-1}</string>
    <string name="6744d679026d080063bfc9cc">{&quot;start_time&quot;:1732564500,&quot;delay&quot;:0,&quot;trigger_condition&quot;:[{&quot;data&quot;:{&quot;campaign_id&quot;:&quot;6744d4dadb9fa10063ec4e3d&quot;},&quot;type&quot;:&quot;push_click&quot;}],&quot;data&quot;:{&quot;trigger_id&quot;:&quot;Njc0NGQ2NzkwMjZkMDgwMDYzYmZjOWNjXyRfbXY9Njc0NGQ2NzkwMjZkMDgwMDYzYmZjOWNlJnBpPWNtcA==&quot;,&quot;prefetch_file_urls&quot;:[&quot;https://braze-images.com/appboy/communication/assets/font_assets/files/64cbee2c488ff3775b87684e/original.ttf?1691086380&quot;,&quot;https://braze-images.com/appboy/communication/assets/font_assets/files/64cbee2cde793d772abe1d96/original.ttf?1691086380&quot;,&quot;https://braze-images.com/appboy/communication/assets/image_assets/images/6722a6e37e82e800648885dc/original.png?1730324194&quot;],&quot;prefetch_zip_urls&quot;:[],&quot;prefetch_image_urls&quot;:[]},&quot;re_eligibility&quot;:-1,&quot;min_seconds_since_last_trigger&quot;:-1,&quot;prefetch&quot;:true,&quot;end_time&quot;:-1,&quot;id&quot;:&quot;6744d679026d080063bfc9cc&quot;,&quot;priority&quot;:2000924000,&quot;type&quot;:&quot;templated_iam&quot;,&quot;timeout&quot;:-1}</string>
    <string name="6744c55f483df30063197da9">{&quot;start_time&quot;:1732560000,&quot;delay&quot;:0,&quot;trigger_condition&quot;:[{&quot;data&quot;:{&quot;campaign_id&quot;:&quot;6740a6ff0b30760063541c4a&quot;},&quot;type&quot;:&quot;push_click&quot;}],&quot;data&quot;:{&quot;trigger_id&quot;:&quot;Njc0NGM1NWY0ODNkZjMwMDYzMTk3ZGE5XyRfbXY9Njc0NGM1NWY0ODNkZjMwMDYzMTk3ZGFiJnBpPWNtcA==&quot;,&quot;prefetch_file_urls&quot;:[&quot;https://braze-images.com/appboy/communication/assets/font_assets/files/64cbee2c488ff3775b87684e/original.ttf?1691086380&quot;,&quot;https://braze-images.com/appboy/communication/assets/font_assets/files/64cbee2cde793d772abe1d96/original.ttf?1691086380&quot;,&quot;https://braze-images.com/appboy/communication/assets/image_assets/images/6722366fd7da0f0064dca405/original.png?1730295407&quot;],&quot;prefetch_zip_urls&quot;:[],&quot;prefetch_image_urls&quot;:[]},&quot;re_eligibility&quot;:-1,&quot;min_seconds_since_last_trigger&quot;:-1,&quot;prefetch&quot;:true,&quot;end_time&quot;:-1,&quot;id&quot;:&quot;6744c55f483df30063197da9&quot;,&quot;priority&quot;:2000916000,&quot;type&quot;:&quot;templated_iam&quot;,&quot;timeout&quot;:-1}</string>
    <string name="66ff1c1cd7459a00650931d7">{&quot;start_time&quot;:1727834700,&quot;delay&quot;:0,&quot;trigger_condition&quot;:[{&quot;data&quot;:{&quot;campaign_id&quot;:&quot;66fca51be91ad4006388f010&quot;},&quot;type&quot;:&quot;push_click&quot;}],&quot;data&quot;:{&quot;trigger_id&quot;:&quot;NjZmZjFjMWNkNzQ1OWEwMDY1MDkzMWQ3XyRfbXY9NjZmZjFjMWNkNzQ1OWEwMDY1MDkzMWM0JnBpPWNtcA==&quot;,&quot;prefetch_file_urls&quot;:[&quot;https://braze-images.com/appboy/communication/assets/font_assets/files/64cbee2c488ff3775b87684e/original.ttf?1691086380&quot;,&quot;https://braze-images.com/appboy/communication/assets/font_assets/files/64cbee2cde793d772abe1d96/original.ttf?1691086380&quot;,&quot;https://braze-images.com/appboy/communication/assets/image_assets/images/66f449cb0d356600667c3221/original.png?1727285706&quot;,&quot;https://braze-images.com/appboy/communication/assets/image_assets/images/66f443c29de43c0063c25de2/original.png?1727284161&quot;],&quot;prefetch_zip_urls&quot;:[],&quot;prefetch_image_urls&quot;:[]},&quot;re_eligibility&quot;:60,&quot;min_seconds_since_last_trigger&quot;:-1,&quot;prefetch&quot;:true,&quot;end_time&quot;:-1,&quot;id&quot;:&quot;66ff1c1cd7459a00650931d7&quot;,&quot;priority&quot;:2000810000,&quot;type&quot;:&quot;templated_iam&quot;,&quot;timeout&quot;:-1}</string>
    <string name="674530338119200064e1d74b">{&quot;start_time&quot;:1732586100,&quot;delay&quot;:0,&quot;trigger_condition&quot;:[{&quot;data&quot;:{&quot;campaign_id&quot;:&quot;674530218f92d000649fce83&quot;},&quot;type&quot;:&quot;push_click&quot;}],&quot;data&quot;:{&quot;trigger_id&quot;:&quot;Njc0NTMwMzM4MTE5MjAwMDY0ZTFkNzRiXyRfbXY9Njc0NTMwMzM4MTE5MjAwMDY0ZTFkNzQ4JnBpPWNtcA==&quot;,&quot;prefetch_file_urls&quot;:[&quot;https://braze-images.com/appboy/communication/assets/image_assets/images/673ca9a1f446b4006469a8b0/original.jpg?1732028833&quot;,&quot;https://appboy-images.com/appboy/communication/assets/code_assets/files/5f2d589683566823fc373ec4/original.js?1596807318&quot;],&quot;prefetch_zip_urls&quot;:[],&quot;prefetch_image_urls&quot;:[]},&quot;re_eligibility&quot;:-1,&quot;min_seconds_since_last_trigger&quot;:-1,&quot;prefetch&quot;:true,&quot;end_time&quot;:-1,&quot;id&quot;:&quot;674530338119200064e1d74b&quot;,&quot;priority&quot;:2000959000,&quot;type&quot;:&quot;templated_iam&quot;,&quot;timeout&quot;:-1}</string>
    <string name="672a1e88cbe42600708511f0">{&quot;start_time&quot;:1730813400,&quot;delay&quot;:0,&quot;trigger_condition&quot;:[{&quot;data&quot;:{&quot;campaign_id&quot;:&quot;672a1f82d82b6c00633513f6&quot;},&quot;type&quot;:&quot;push_click&quot;}],&quot;data&quot;:{&quot;trigger_id&quot;:&quot;NjcyYTFlODhjYmU0MjYwMDcwODUxMWYwXyRfbXY9NjcyYTFlODhjYmU0MjYwMDcwODUxMWYyJnBpPWNtcA==&quot;,&quot;prefetch_file_urls&quot;:[&quot;https://braze-images.com/appboy/communication/assets/font_assets/files/66b944a556e9e30063fbb863/original.woff2?1723417765&quot;,&quot;https://braze-images.com/appboy/communication/assets/font_assets/files/680bc887a5bf8f0062be92ec/original.ttf?1745602694&quot;,&quot;https://braze-images.com/appboy/communication/assets/font_assets/files/66b944a06355830063e4b562/original.woff2?1723417760&quot;,&quot;https://braze-images.com/appboy/communication/assets/font_assets/files/680bc88612436500617341c5/original.ttf?1745602694&quot;,&quot;https://braze-images.com/appboy/communication/assets/image_assets/images/66fda6baa567390063e46ee5/original.png?1727899321&quot;,&quot;https://braze-images.com/appboy/communication/assets/image_assets/images/66fda751b0b137006451ae78/original.png?1727899472&quot;,&quot;https://braze-images.com/appboy/communication/assets/image_assets/images/6708a20c1219f60066a4d8e4/original.jpg?1728619020&quot;,&quot;https://braze-images.com/appboy/communication/assets/image_assets/images/6708a20c9aa55a0064573cd1/original.jpg?1728619020&quot;],&quot;prefetch_zip_urls&quot;:[],&quot;prefetch_image_urls&quot;:[]},&quot;re_eligibility&quot;:60,&quot;min_seconds_since_last_trigger&quot;:-1,&quot;prefetch&quot;:true,&quot;end_time&quot;:-1,&quot;id&quot;:&quot;672a1e88cbe42600708511f0&quot;,&quot;priority&quot;:2000904000,&quot;type&quot;:&quot;templated_iam&quot;,&quot;timeout&quot;:-1}</string>
    <string name="6733f6e32ca5d80066254318">{&quot;start_time&quot;:1727834700,&quot;delay&quot;:0,&quot;trigger_condition&quot;:[{&quot;data&quot;:{&quot;campaign_id&quot;:&quot;673638e63b50860063f0f065&quot;},&quot;type&quot;:&quot;push_click&quot;}],&quot;data&quot;:{&quot;trigger_id&quot;:&quot;NjczM2Y2ZTMyY2E1ZDgwMDY2MjU0MzE4XyRfbXY9NjczM2Y2ZTMyY2E1ZDgwMDY2MjU0MzAyJnBpPWNtcA==&quot;,&quot;prefetch_file_urls&quot;:[&quot;https://braze-images.com/appboy/communication/assets/image_assets/images/66f71df29baf770065abf2cd/original.png?1727471089&quot;,&quot;https://appboy-images.com/appboy/communication/assets/code_assets/files/5f2d589683566823fc373ec4/original.js?1596807318&quot;],&quot;prefetch_zip_urls&quot;:[],&quot;prefetch_image_urls&quot;:[]},&quot;re_eligibility&quot;:60,&quot;min_seconds_since_last_trigger&quot;:-1,&quot;prefetch&quot;:true,&quot;end_time&quot;:-1,&quot;id&quot;:&quot;6733f6e32ca5d80066254318&quot;,&quot;priority&quot;:2000737000,&quot;type&quot;:&quot;templated_iam&quot;,&quot;timeout&quot;:-1}</string>
    <string name="65e747e9c74ee0004d4eb5c9">{&quot;start_time&quot;:1709655900,&quot;delay&quot;:0,&quot;trigger_condition&quot;:[{&quot;data&quot;:{&quot;campaign_id&quot;:&quot;65e7d4789d261e004b017da5&quot;},&quot;type&quot;:&quot;push_click&quot;}],&quot;data&quot;:{&quot;trigger_id&quot;:&quot;NjVlNzQ3ZTljNzRlZTAwMDRkNGViNWM5XyRfbXY9NjVlNzQ3ZTljNzRlZTAwMDRkNGViNWQwJnBpPWNtcA==&quot;,&quot;prefetch_file_urls&quot;:[&quot;https://braze-images.com/appboy/communication/assets/image_assets/images/670d7d37cef8e60063bfa192/original.png?1728937271&quot;,&quot;https://appboy-images.com/appboy/communication/assets/code_assets/files/5f2d589683566823fc373ec4/original.js?1596807318&quot;],&quot;prefetch_zip_urls&quot;:[],&quot;prefetch_image_urls&quot;:[]},&quot;re_eligibility&quot;:60,&quot;min_seconds_since_last_trigger&quot;:-1,&quot;prefetch&quot;:true,&quot;end_time&quot;:-1,&quot;id&quot;:&quot;65e747e9c74ee0004d4eb5c9&quot;,&quot;priority&quot;:2000536000,&quot;type&quot;:&quot;templated_iam&quot;,&quot;timeout&quot;:-1}</string>
    <string name="66fd73b1ae257500647d5633">{&quot;start_time&quot;:1727834700,&quot;delay&quot;:0,&quot;trigger_condition&quot;:[{&quot;data&quot;:{&quot;campaign_id&quot;:&quot;66fca9455209440064ef7200&quot;},&quot;type&quot;:&quot;push_click&quot;}],&quot;data&quot;:{&quot;trigger_id&quot;:&quot;NjZmZDczYjFhZTI1NzUwMDY0N2Q1NjMzXyRfbXY9NjZmZDczYjFhZTI1NzUwMDY0N2Q1NjIwJnBpPWNtcA==&quot;,&quot;prefetch_file_urls&quot;:[&quot;https://braze-images.com/appboy/communication/assets/image_assets/images/66f71c6fe9e1cd0073d87a67/original.png?1727470703&quot;,&quot;https://appboy-images.com/appboy/communication/assets/code_assets/files/5f2d589683566823fc373ec4/original.js?1596807318&quot;],&quot;prefetch_zip_urls&quot;:[],&quot;prefetch_image_urls&quot;:[]},&quot;re_eligibility&quot;:60,&quot;min_seconds_since_last_trigger&quot;:-1,&quot;prefetch&quot;:true,&quot;end_time&quot;:-1,&quot;id&quot;:&quot;66fd73b1ae257500647d5633&quot;,&quot;priority&quot;:2000800000,&quot;type&quot;:&quot;templated_iam&quot;,&quot;timeout&quot;:-1}</string>
    <string name="6744d8f14520e200634f8f12">{&quot;start_time&quot;:1732565100,&quot;delay&quot;:0,&quot;trigger_condition&quot;:[{&quot;data&quot;:{&quot;campaign_id&quot;:&quot;6744d9ef6bc1cd0064a6f426&quot;},&quot;type&quot;:&quot;push_click&quot;}],&quot;data&quot;:{&quot;trigger_id&quot;:&quot;Njc0NGQ4ZjE0NTIwZTIwMDYzNGY4ZjEyXyRfbXY9Njc0NGQ4ZjE0NTIwZTIwMDYzNGY4ZjE0JnBpPWNtcA==&quot;,&quot;prefetch_file_urls&quot;:[&quot;https://braze-images.com/appboy/communication/assets/image_assets/images/673ca9a1f446b4006469a8b0/original.jpg?1732028833&quot;,&quot;https://appboy-images.com/appboy/communication/assets/code_assets/files/5f2d589683566823fc373ec4/original.js?1596807318&quot;],&quot;prefetch_zip_urls&quot;:[],&quot;prefetch_image_urls&quot;:[]},&quot;re_eligibility&quot;:-1,&quot;min_seconds_since_last_trigger&quot;:-1,&quot;prefetch&quot;:true,&quot;end_time&quot;:-1,&quot;id&quot;:&quot;6744d8f14520e200634f8f12&quot;,&quot;priority&quot;:2000931000,&quot;type&quot;:&quot;templated_iam&quot;,&quot;timeout&quot;:-1}</string>
</map>
