<?xml version='1.0' encoding='utf-8' standalone='yes' ?>
<map>
    <set name="android-min-sdk/26 device-name/RMX5003IN fire-cls/18.6.4 fire-analytics/21.3.0 fire-sessions/1.2.4 kotlin/2.0.0 fire-cls-ndk/18.6.4 fire-core-ktx/20.4.2 device-brand/realme fire-core/20.4.2 fire-android/35 fire-iid/20.1.6 android-installer/com.google.android.packageinstaller device-model/RE6066L1 fire-installations/17.2.0 android-platform/ fire-transport/18.1.8 fire-fcm/20.1.6 android-target-sdk/34">
        <string>2025-10-08</string>
    </set>
    <long name="fire-count" value="1" />
    <string name="last-used-date">2025-10-08</string>
    <long name="fire-global" value="1759917630898" />
</map>
